,Integers,Floats,Random Ascii (Ul#),Random Ascii (l),Random Ascii (U#)
0,14,8.540016815313216,t,f,U
1,17,10.370020418594619,m,k,B
2,13,7.930015614219414,j,f,K
3,14,8.540016815313216,c,k,S
4,19,11.59002282078222,b,d,C
