,Integers,Floats,Random Ascii (Ul#),Random Ascii (l),Random Ascii (U#)
0,17,0.23880737150317943,T,a,6
1,14,0.19666489417908894,F,n,C
2,13,0.18261740173772545,Z,l,4
3,12,0.16856990929636195,d,w,F
4,16,0.22475987906181594,u,m,D
